fold,hidden_dim,learning_rate,batch_size,dropout,auc_NR.AhR,auc_NR.AR,auc_NR.AR.LBD,auc_NR.Aromatase,auc_NR.ER,auc_NR.ER.LBD,auc_NR.PPAR.gamma,auc_SR.ARE,auc_SR.ATAD5,auc_SR.HSE,auc_SR.MMP,auc_SR.p53
1,1024,0.001,32,0.5,0.8413919413919414,0.8163878163878164,0.8504451038575667,0.6515450361604208,0.741891064871481,0.8625474729769208,0.7819327731092436,0.8050595238095237,0.8298019345923537,0.7448071216617211,0.8514652014652014,0.7582329317269076
2,1024,0.001,32,0.5,0.8437834941050375,0.7792207792207791,0.9436974789915966,0.903061224489796,0.6838827838827839,0.8223880597014925,0.6395348837209303,0.6793673616103523,0.9173998044965787,0.5254154447702835,0.8093129361245304,0.7951522951522951
3,1024,0.001,32,0.5,0.8641688449995159,0.6683853459972863,0.9144542772861357,0.8364938895912347,0.6005376344086022,0.8765264586160109,0.821700879765396,0.7933356554046209,0.7386904761904762,0.8153692614770459,0.7963836477987422,0.8455357142857143
4,1024,0.001,32,0.5,0.9013119702774874,0.7736686390532544,0.8276785714285714,0.7505197505197505,0.6431136724296335,0.7969788519637463,0.8469208211143695,0.6896900269541779,0.9148809523809525,0.8794774546986937,0.8681329617834395,0.8549019607843138
5,1024,0.001,32,0.5,0.7893642542982807,0.843452380952381,0.88125,0.8788690476190476,0.7535885167464115,0.7919436052366565,0.6976190476190476,0.6783468104222822,0.8272118272118272,0.7029343883943291,0.816711590296496,0.8267276422764228
