fold,hidden_dim,learning_rate,batch_size,dropout,auc_NR.AhR,auc_NR.AR,auc_NR.AR.LBD,auc_NR.Aromatase,auc_NR.ER,auc_NR.ER.LBD,auc_NR.PPAR.gamma,auc_SR.ARE,auc_SR.ATAD5,auc_SR.HSE,auc_SR.MMP,auc_SR.p53
1,1024,0.001,32,0.5,0.8023809523809524,0.8275418275418275,0.7810089020771513,0.799474030243261,0.7204712362301102,0.8415132924335377,0.6932773109243697,0.7396825396825397,0.7549516351911562,0.7299703264094954,0.7842490842490842,0.7158634538152611
2,1024,0.001,32,0.5,0.8514648088603072,0.9036796536796536,0.884453781512605,0.8024781341107872,0.6774725274725275,0.8835820895522389,0.6996124031007752,0.664150491253295,0.9301075268817204,0.6383186705767351,0.8246108427267848,0.7567567567567568
3,1024,0.001,32,0.5,0.8396747022945107,0.6765264586160108,0.8980193847450484,0.8200589970501475,0.6320788530465948,0.8442333785617367,0.8146627565982405,0.7025426680599094,0.8389880952380951,0.6699101796407185,0.8027852650494159,0.7991071428571429
4,1024,0.001,32,0.5,0.8489492627423663,0.7048816568047337,0.8324404761904762,0.8008778008778008,0.644282970015869,0.7828801611278954,0.8903225806451612,0.7165318957771788,0.7690476190476191,0.7707543194268858,0.8317078025477707,0.7838235294117647
5,1024,0.001,32,0.5,0.7665733706517394,0.80625,0.924404761904762,0.8116071428571429,0.686431989063568,0.8390735146022156,0.7580357142857143,0.7351752021563343,0.8145068145068145,0.884272997032641,0.8516397124887691,0.9051490514905149
