NR.AhR,NR.AR,NR.AR.LBD,NR.Aromatase,NR.ER,NR.ER.LBD,NR.PPAR.gamma,SR.ARE,SR.ATAD5,SR.HSE,SR.MMP,SR.p53
0.8279304029304029,0.8682968682968683,0.8305637982195846,0.6259040105193951,0.7278151774785802,0.8350861817119485,0.6899159663865546,0.7557539682539682,0.7270842929525565,0.8385756676557863,0.7992673992673992,0.7140562248995984
0.7934976777420507,0.8809523809523812,0.9504201680672268,0.9016034985422741,0.6909340659340658,0.9104477611940298,0.8410852713178295,0.6935058710759645,0.8494623655913979,0.41935483870967744,0.7494632313472893,0.7809952809952809
0.86978410301094,0.6906377204884667,0.8655710071639275,0.8234302570585756,0.6852150537634408,0.8654002713704206,0.6756598240469207,0.7171717171717171,0.6779761904761905,0.7637225548902196,0.7378706199460916,0.799404761904762
0.8780912574016022,0.9064349112426036,0.85625,0.6856086856086857,0.6707592082184917,0.8288016112789527,0.8469208211143695,0.7108041329739443,0.8571428571428572,0.8242730720606827,0.8558917197452229,0.8617647058823529
0.8222311075569771,0.8116071428571427,0.9604166666666666,0.806845238095238,0.6333732057416267,0.7794561933534743,0.7821428571428571,0.7222596585804133,0.8951258951258951,0.8483349818661391,0.8265947888589398,0.8382452574525745
