Task,AUC
NR.AhR,0.8780388255401648
NR.AR,0.5315040650406504
NR.AR.LBD,0.7190766550522648
NR.Aromatase,0.7145404016569661
NR.ER,0.7565254058612693
NR.ER.LBD,0.7202586206896553
NR.PPAR.gamma,0.662301899516691
SR.ARE,0.7807103290974258
SR.ATAD5,0.7230984138428262
SR.HSE,0.6632653061224489
SR.MMP,0.894927536231884
SR.p53,0.7794273594909862
