Task,AUC
NR.AhR,0.8697992398153109
NR.AR,0.7132694541231127
NR.AR.LBD,0.8297038327526132
NR.Aromatase,0.782444549315715
NR.ER,0.749483449293696
NR.ER.LBD,0.7812068965517242
NR.PPAR.gamma,0.741485894121614
SR.ARE,0.7607410510636317
SR.ATAD5,0.7697819033886085
SR.HSE,0.7636827458256029
SR.MMP,0.8851966873706004
SR.p53,0.7738282078472959
