Task,AUC
NR.AhR,0.8838294941455576
NR.AR,0.7835365853658536
NR.AR.LBD,0.8882839721254355
NR.Aromatase,0.8105500498138535
NR.ER,0.7496942863166771
NR.ER.LBD,0.7603448275862069
NR.PPAR.gamma,0.7371585927840846
SR.ARE,0.7848531396918492
SR.ATAD5,0.7806416726748377
SR.HSE,0.7979282622139765
SR.MMP,0.9232229123533472
SR.p53,0.7962672322375399
