Task,AUC
NR.AhR,0.891737455677151
NR.AR,0.7367886178861789
NR.AR.LBD,0.7926829268292683
NR.Aromatase,0.7767815007078811
NR.ER,0.7674467636516973
NR.ER.LBD,0.7100862068965517
NR.PPAR.gamma,0.7158592784084523
SR.ARE,0.7803612158450869
SR.ATAD5,0.800648882480173
SR.HSE,0.7578849721706864
SR.MMP,0.9102829537612146
SR.p53,0.8124284199363733
